{
	"start":	{
		"connected":	[{
				"socket":	5,
				"local_host":	"192.168.76.131",
				"local_port":	32892,
				"remote_host":	"10.68.75.53",
				"remote_port":	5201
			}],
		"version":	"iperf 3.12",
		"system_info":	"Linux debian 6.1.0-25-amd64 #1 SMP PREEMPT_DYNAMIC Debian 6.1.106-3 (2024-08-26) x86_64",
		"timestamp":	{
			"time":	"Mon, 23 Sep 2024 21:53:08 GMT",
			"timesecs":	1727128388
		},
		"connecting_to":	{
			"host":	"10.68.75.53",
			"port":	5201
		},
		"cookie":	"c7d5vvqa6yhpzdde4dzawi26p623xdoiz4wl",
		"tcp_mss_default":	1460,
		"target_bitrate":	0,
		"sock_bufsize":	0,
		"sndbuf_actual":	16384,
		"rcvbuf_actual":	131072,
		"test_start":	{
			"protocol":	"TCP",
			"num_streams":	1,
			"blksize":	131072,
			"omit":	0,
			"duration":	2,
			"bytes":	0,
			"blocks":	0,
			"reverse":	0,
			"tos":	0,
			"target_bitrate":	0
		}
	},
	"intervals":	[{
			"streams":	[{
					"socket":	5,
					"start":	0,
					"end":	0.100328,
					"seconds":	0.1003279983997345,
					"bytes":	3066000,
					"bits_per_second":	244478115.69282648,
					"retransmits":	0,
					"snd_cwnd":	277400,
					"snd_wnd":	64240,
					"rtt":	610,
					"rttvar":	45,
					"pmtu":	1500,
					"omitted":	false,
					"sender":	true
				}],
			"sum":	{
				"start":	0,
				"end":	0.100328,
				"seconds":	0.1003279983997345,
				"bytes":	3066000,
				"bits_per_second":	244478115.69282648,
				"retransmits":	0,
				"omitted":	false,
				"sender":	true
			}
		}, {
			"streams":	[{
					"socket":	5,
					"start":	0.100328,
					"end":	0.200419,
					"seconds":	0.10009100288152695,
					"bytes":	931480,
					"bits_per_second":	74450647.765218168,
					"retransmits":	0,
					"snd_cwnd":	271560,
					"snd_wnd":	0,
					"rtt":	917,
					"rttvar":	69,
					"pmtu":	1500,
					"omitted":	false,
					"sender":	true
				}],
			"sum":	{
				"start":	0.100328,
				"end":	0.200419,
				"seconds":	0.10009100288152695,
				"bytes":	931480,
				"bits_per_second":	74450647.765218168,
				"retransmits":	0,
				"omitted":	false,
				"sender":	true
			}
		}, {
			"streams":	[{
					"socket":	5,
					"start":	0.200419,
					"end":	0.300211,
					"seconds":	0.0997920036315918,
					"bytes":	835120,
					"bits_per_second":	66948851.17914363,
					"retransmits":	0,
					"snd_cwnd":	268640,
					"snd_wnd":	0,
					"rtt":	532,
					"rttvar":	118,
					"pmtu":	1500,
					"omitted":	false,
					"sender":	true
				}],
			"sum":	{
				"start":	0.200419,
				"end":	0.300211,
				"seconds":	0.0997920036315918,
				"bytes":	835120,
				"bits_per_second":	66948851.17914363,
				"retransmits":	0,
				"omitted":	false,
				"sender":	true
			}
		}, {
			"streams":	[{
					"socket":	5,
					"start":	0.300211,
					"end":	0.400258,
					"seconds":	0.10004699975252151,
					"bytes":	867240,
					"bits_per_second":	69346607.2662028,
					"retransmits":	0,
					"snd_cwnd":	242360,
					"snd_wnd":	64240,
					"rtt":	3170,
					"rttvar":	99,
					"pmtu":	1500,
					"omitted":	false,
					"sender":	true
				}],
			"sum":	{
				"start":	0.300211,
				"end":	0.400258,
				"seconds":	0.10004699975252151,
				"bytes":	867240,
				"bits_per_second":	69346607.2662028,
				"retransmits":	0,
				"omitted":	false,
				"sender":	true
			}
		}, {
			"streams":	[{
					"socket":	5,
					"start":	0.400258,
					"end":	0.500281,
					"seconds":	0.10002300143241882,
					"bytes":	867240,
					"bits_per_second":	69363245.459972024,
					"retransmits":	0,
					"snd_cwnd":	248200,
					"snd_wnd":	64240,
					"rtt":	959,
					"rttvar":	371,
					"pmtu":	1500,
					"omitted":	false,
					"sender":	true
				}],
			"sum":	{
				"start":	0.400258,
				"end":	0.500281,
				"seconds":	0.10002300143241882,
				"bytes":	867240,
				"bits_per_second":	69363245.459972024,
				"retransmits":	0,
				"omitted":	false,
				"sender":	true
			}
		}, {
			"streams":	[{
					"socket":	5,
					"start":	0.500281,
					"end":	0.600196,
					"seconds":	0.0999149978160858,
					"bytes":	1830840,
					"bits_per_second":	146591806.23674047,
					"retransmits":	0,
					"snd_cwnd":	289080,
					"snd_wnd":	2920,
					"rtt":	567,
					"rttvar":	54,
					"pmtu":	1500,
					"omitted":	false,
					"sender":	true
				}],
			"sum":	{
				"start":	0.500281,
				"end":	0.600196,
				"seconds":	0.0999149978160858,
				"bytes":	1830840,
				"bits_per_second":	146591806.23674047,
				"retransmits":	0,
				"omitted":	false,
				"sender":	true
			}
		}, {
			"streams":	[{
					"socket":	5,
					"start":	0.600196,
					"end":	0.700183,
					"seconds":	0.0999870002269745,
					"bytes":	899360,
					"bits_per_second":	71958154.3967449,
					"retransmits":	0,
					"snd_cwnd":	262800,
					"snd_wnd":	26280,
					"rtt":	1947,
					"rttvar":	127,
					"pmtu":	1500,
					"omitted":	false,
					"sender":	true
				}],
			"sum":	{
				"start":	0.600196,
				"end":	0.700183,
				"seconds":	0.0999870002269745,
				"bytes":	899360,
				"bits_per_second":	71958154.3967449,
				"retransmits":	0,
				"omitted":	false,
				"sender":	true
			}
		}, {
			"streams":	[{
					"socket":	5,
					"start":	0.700183,
					"end":	0.800208,
					"seconds":	0.1000249981880188,
					"bytes":	867240,
					"bits_per_second":	69361860.791625977,
					"retransmits":	0,
					"snd_cwnd":	246740,
					"snd_wnd":	7300,
					"rtt":	639,
					"rttvar":	115,
					"pmtu":	1500,
					"omitted":	false,
					"sender":	true
				}],
			"sum":	{
				"start":	0.700183,
				"end":	0.800208,
				"seconds":	0.1000249981880188,
				"bytes":	867240,
				"bits_per_second":	69361860.791625977,
				"retransmits":	0,
				"omitted":	false,
				"sender":	true
			}
		}, {
			"streams":	[{
					"socket":	5,
					"start":	0.800208,
					"end":	0.900294,
					"seconds":	0.10008600354194641,
					"bytes":	899360,
					"bits_per_second":	71886974.655598074,
					"retransmits":	0,
					"snd_cwnd":	248200,
					"snd_wnd":	64240,
					"rtt":	757,
					"rttvar":	109,
					"pmtu":	1500,
					"omitted":	false,
					"sender":	true
				}],
			"sum":	{
				"start":	0.800208,
				"end":	0.900294,
				"seconds":	0.10008600354194641,
				"bytes":	899360,
				"bits_per_second":	71886974.655598074,
				"retransmits":	0,
				"omitted":	false,
				"sender":	true
			}
		}, {
			"streams":	[{
					"socket":	5,
					"start":	0.900294,
					"end":	1.000291,
					"seconds":	0.099996998906135559,
					"bytes":	1830840,
					"bits_per_second":	146471595.75007319,
					"retransmits":	0,
					"snd_cwnd":	245280,
					"snd_wnd":	0,
					"rtt":	812,
					"rttvar":	162,
					"pmtu":	1500,
					"omitted":	false,
					"sender":	true
				}],
			"sum":	{
				"start":	0.900294,
				"end":	1.000291,
				"seconds":	0.099996998906135559,
				"bytes":	1830840,
				"bits_per_second":	146471595.75007319,
				"retransmits":	0,
				"omitted":	false,
				"sender":	true
			}
		}, {
			"streams":	[{
					"socket":	5,
					"start":	1.000291,
					"end":	1.100463,
					"seconds":	0.10017199814319611,
					"bytes":	899360,
					"bits_per_second":	71825261.883215129,
					"retransmits":	0,
					"snd_cwnd":	160600,
					"snd_wnd":	0,
					"rtt":	904,
					"rttvar":	83,
					"pmtu":	1500,
					"omitted":	false,
					"sender":	true
				}],
			"sum":	{
				"start":	1.000291,
				"end":	1.100463,
				"seconds":	0.10017199814319611,
				"bytes":	899360,
				"bits_per_second":	71825261.883215129,
				"retransmits":	0,
				"omitted":	false,
				"sender":	true
			}
		}, {
			"streams":	[{
					"socket":	5,
					"start":	1.100463,
					"end":	1.200228,
					"seconds":	0.099765002727508545,
					"bytes":	867240,
					"bits_per_second":	69542623.267898574,
					"retransmits":	0,
					"snd_cwnd":	259880,
					"snd_wnd":	0,
					"rtt":	374,
					"rttvar":	29,
					"pmtu":	1500,
					"omitted":	false,
					"sender":	true
				}],
			"sum":	{
				"start":	1.100463,
				"end":	1.200228,
				"seconds":	0.099765002727508545,
				"bytes":	867240,
				"bits_per_second":	69542623.267898574,
				"retransmits":	0,
				"omitted":	false,
				"sender":	true
			}
		}, {
			"streams":	[{
					"socket":	5,
					"start":	1.200228,