{
	"start":	{
		"connected":	[{
				"socket":	5,
				"local_host":	"192.168.76.131",
				"local_port":	60258,
				"remote_host":	"10.68.75.53",
				"remote_port":	5201
			}],
		"version":	"iperf 3.12",
		"system_info":	"Linux debian 6.1.0-25-amd64 #1 SMP PREEMPT_DYNAMIC Debian 6.1.106-3 (2024-08-26) x86_64",
		"timestamp":	{
			"time":	"Mon, 23 Sep 2024 21:34:57 GMT",
			"timesecs":	1727127297
		},
		"connecting_to":	{
			"host":	"10.68.75.53",
			"port":	5201
		},
		"cookie":	"ubdnufy2z24cy6d4pseluzcoc3ecewkdbxbh",
		"tcp_mss_default":	1460,
		"target_bitrate":	0,
		"sock_bufsize":	0,
		"sndbuf_actual":	16384,
		"rcvbuf_actual":	131072,
		"test_start":	{
			"protocol":	"TCP",
			"num_streams":	1,
			"blksize":	131072,
			"omit":	0,
			"duration":	2,
			"bytes":	0,
			"blocks":	0,
			"reverse":	0,
			"tos":	0,
			"target_bitrate":	0
		}
	},
	"intervals":	[{
			"streams":	[{
					"socket":	5,
					"start":	0,
					"end":	0.100212,
					"seconds":	0.100212000310421,
					"bytes":	1492120,
					"bits_per_second":	119117071.43878539,
					"retransmits":	0,
					"snd_cwnd":	65700,
					"snd_wnd":	0,
					"rtt":	516,
					"rttvar":	35,
					"pmtu":	1500,
					"omitted":	false,
					"sender":	true
				}],
			"sum":	{
				"start":	0,
				"end":	0.100212,
				"seconds":	0.100212000310421,
				"bytes":	1492120,
				"bits_per_second":	119117071.43878539,
				"retransmits":	0,
				"omitted":	false,
				"sender":	true
			}
		}, {
			"streams":	[{
					"socket":	5,
					"start":	0.100212,
					"end":	0.200195,
					"seconds":	0.099982999265193939,
					"bytes":	803000,
					"bits_per_second":	64250923.129051618,
					"retransmits":	0,
					"snd_cwnd":	65700,
					"snd_wnd":	0,
					"rtt":	814,
					"rttvar":	69,
					"pmtu":	1500,
					"omitted":	false,
					"sender":	true
				}],
			"sum":	{
				"start":	0.100212,
				"end":	0.200195,
				"seconds":	0.099982999265193939,
				"bytes":	803000,
				"bits_per_second":	64250923.129051618,
				"retransmits":	0,
				"omitted":	false,
				"sender":	true
			}
		}, {
			"streams":	[{
					"socket":	5,
					"start":	0.200195,
					"end":	0.300223,
					"seconds":	0.10002800077199936,
					"bytes":	642400,
					"bits_per_second":	51377613.871481135,
					"retransmits":	0,
					"snd_cwnd":	65700,
					"snd_wnd":	0,
					"rtt":	1576,
					"rttvar":	333,
					"pmtu":	1500,
					"omitted":	false,
					"sender":	true
				}],
			"sum":	{
				"start":	0.200195,
				"end":	0.300223,
				"seconds":	0.10002800077199936,
				"bytes":	642400,
				"bits_per_second":	51377613.871481135,
				"retransmits":	0,
				"omitted":	false,
				"sender":	true
			}
		}, {
			"streams":	[{
					"socket":	5,
					"start":	0.300223,
					"end":	0.400123,
					"seconds":	0.0998999997973442,
					"bytes":	931480,
					"bits_per_second":	74592993.144311339,
					"retransmits":	0,
					"snd_cwnd":	65700,
					"snd_wnd":	0,
					"rtt":	1126,
					"rttvar":	195,
					"pmtu":	1500,
					"omitted":	false,
					"sender":	true
				}],
			"sum":	{
				"start":	0.300223,
				"end":	0.400123,
				"seconds":	0.0998999997973442,
				"bytes":	931480,
				"bits_per_second":	74592993.144311339,
				"retransmits":	0,
				"omitted":	false,
				"sender":	true
			}
		}, {
			"streams":	[{
					"socket":	5,
					"start":	0.400123,
					"end":	0.500158,
					"seconds":	0.10003499686717987,
					"bytes":	770880,
					"bits_per_second":	61648824.842651866,
					"retransmits":	0,
					"snd_cwnd":	65700,
					"snd_wnd":	64240,
					"rtt":	1353,
					"rttvar":	435,
					"pmtu":	1500,
					"omitted":	false,
					"sender":	true
				}],
			"sum":	{
				"start":	0.400123,
				"end":	0.500158,
				"seconds":	0.10003499686717987,
				"bytes":	770880,
				"bits_per_second":	61648824.842651866,
				"retransmits":	0,
				"omitted":	false,
				"sender":	true
			}
		}, {
			"streams":	[{
					"socket":	5,
					"start":	0.500158,
					"end":	0.600305,
					"seconds":	0.10014700144529343,
					"bytes":	738760,
					"bits_per_second":	59014048.495785035,
					"retransmits":	0,
					"snd_cwnd":	65700,
					"snd_wnd":	0,
					"rtt":	770,
					"rttvar":	67,
					"pmtu":	1500,
					"omitted":	false,
					"sender":	true
				}],
			"sum":	{
				"start":	0.500158,
				"end":	0.600305,
				"seconds":	0.10014700144529343,
				"bytes":	738760,
				"bits_per_second":	59014048.495785035,
				"retransmits":	0,
				"omitted":	false,
				"sender":	true
			}
		}, {
			"streams":	[{
					"socket":	5,
					"start":	0.600305,
					"end":	0.700381,
					"seconds":	0.10007599741220474,
					"bytes":	1220560,
					"bits_per_second":	97570648.83181645,
					"retransmits":	0,
					"snd_cwnd":	65700,
					"snd_wnd":	0,
					"rtt":	767,
					"rttvar":	80,
					"pmtu":	1500,
					"omitted":	false,
					"sender":	true
				}],
			"sum":	{
				"start":	0.600305,
				"end":	0.700381,
				"seconds":	0.10007599741220474,
				"bytes":	1220560,
				"bits_per_second":	97570648.83181645,
				"retransmits":	0,
				"omitted":	false,
				"sender":	true
			}
		}, {
			"streams":	[{
					"socket":	5,
					"start":	0.700381,
					"end":	0.800277,
					"seconds":	0.09989599883556366,
					"bytes":	642400,
					"bits_per_second":	51445503.9231302,
					"retransmits":	0,
					"snd_cwnd":	65700,
					"snd_wnd":	64240,
					"rtt":	3808,
					"rttvar":	704,
					"pmtu":	1500,
					"omitted":	false,
					"sender":	true
				}],
			"sum":	{
				"start":	0.700381,
				"end":	0.800277,
				"seconds":	0.09989599883556366,
				"bytes":	642400,
				"bits_per_second":	51445503.9231302,
				"retransmits":	0,
				"omitted":	false,
				"sender":	true
			}
		}, {
			"streams":	[{
					"socket":	5,
					"start":	0.800277,
					"end":	0.900448,
					"seconds":	0.10017099976539612,
					"bytes":	1059960,
					"bits_per_second":	84652045.201302752,
					"retransmits":	0,
					"snd_cwnd":	65700,
					"snd_wnd":	0,
					"rtt":	870,
					"rttvar":	127,
					"pmtu":	1500,
					"omitted":	false,
					"sender":	true
				}],
			"sum":	{
				"start":	0.800277,
				"end":	0.900448,
				"seconds":	0.10017099976539612,
				"bytes":	1059960,
				"bits_per_second":	84652045.201302752,
				"retransmits":	0,
				"omitted":	false,
				"sender":	true
			}
		}, {
			"streams":	[{
					"socket":	5,
					"start":	0.900448,
					"end":	1.000451,
					"seconds":	0.10000299662351608,
					"bytes":	931480,
					"bits_per_second":	74516167.031015471,
					"retransmits":	0,
					"snd_cwnd":	65700,
					"snd_wnd":	0,
					"rtt":	554,
					"rttvar":	182,
					"pmtu":	1500,
					"omitted":	false,
					"sender":	true
				}],
			"sum":	{
				"start":	0.900448,
				"end":	1.000451,
				"seconds":	0.10000299662351608,
				"bytes":	931480,
				"bits_per_second":	74516167.031015471,
				"retransmits":	0,
				"omitted":	false,
				"sender":	true
			}
		}, {
			"streams":	[{
					"socket":	5,
					"start":	1.000451,
					"end":	1.100243,
					"seconds":	0.0997920036315918,
					"bytes":	256960,
					"bits_per_second":	20599646.51665958,
					"retransmits":	0,
					"snd_cwnd":	65700,
					"snd_wnd":	64240,
					"rtt":	2114,
					"rttvar":	63,
					"pmtu":	1500,
					"omitted":	false,
					"sender":	true
				}],
			"sum":	{
				"start":	1.000451,
				"end":	1.100243,
				"seconds":	0.0997920036315918,
				"bytes":	256960,
				"bits_per_second":	20599646.51665958,
				"retransmits":	0,
				"omitted":	false,
				"sender":	true
			}
		}, {
			"streams":	[{
					"socket":	5,
					"start":	1.100243,
					"end":	1.200377,
					"seconds":	0.10013400018215179,
					"bytes":	803000,
					"bits_per_second":	64154033.478281379,
					"retransmits":	0,
					"snd_cwnd":	65700,
					"snd_wnd":	0,
					"rtt":	1098,
					"rttvar":	148,
					"pmtu":	1500,
					"omitted":	false,
					"sender":	true
				}],
			"sum":	{
				"start":	1.100243,
				"end":	1.200377,
				"seconds":	0.10013400018215179,
				"bytes":	803000,
				"bits_per_second":	64154033.478281379,
				"retransmits":	0,
				"omitted":	false,
				"sender":	true
			}
		}, {
			"streams":	[{
					"socket":	5,
					"start":	1.200377,
					"end":	1.300471,