{
	"start":	{
		"connected":	[{
				"socket":	5,
				"local_host":	"192.168.76.131",
				"local_port":	51734,
				"remote_host":	"10.68.75.53",
				"remote_port":	5201
			}],
		"version":	"iperf 3.12",
		"system_info":	"Linux debian 6.1.0-25-amd64 #1 SMP PREEMPT_DYNAMIC Debian 6.1.106-3 (2024-08-26) x86_64",
		"timestamp":	{
			"time":	"Mon, 23 Sep 2024 22:10:45 GMT",
			"timesecs":	1727129445
		},
		"connecting_to":	{
			"host":	"10.68.75.53",
			"port":	5201
		},
		"cookie":	"7cixedby3ms4tahw5lanwcnrnxtysdeqxtib",
		"tcp_mss_default":	1460,
		"target_bitrate":	0,
		"sock_bufsize":	0,
		"sndbuf_actual":	16384,
		"rcvbuf_actual":	131072,
		"test_start":	{
			"protocol":	"TCP",
			"num_streams":	1,
			"blksize":	131072,
			"omit":	0,
			"duration":	2,
			"bytes":	0,
			"blocks":	0,
			"reverse":	0,
			"tos":	0,
			"target_bitrate":	0
		}
	},
	"intervals":	[{
			"streams":	[{
					"socket":	5,
					"start":	0,
					"end":	0.100237,
					"seconds":	0.10023699700832367,
					"bytes":	1363640,
					"bits_per_second":	108833268.40980789,
					"retransmits":	0,
					"snd_cwnd":	135780,
					"snd_wnd":	0,
					"rtt":	585,
					"rttvar":	61,
					"pmtu":	1500,
					"omitted":	false,
					"sender":	true
				}],
			"sum":	{
				"start":	0,
				"end":	0.100237,
				"seconds":	0.10023699700832367,
				"bytes":	1363640,
				"bits_per_second":	108833268.40980789,
				"retransmits":	0,
				"omitted":	false,
				"sender":	true
			}
		}, {
			"streams":	[{
					"socket":	5,
					"start":	0.100237,
					"end":	0.200215,
					"seconds":	0.0999779999256134,
					"bytes":	578160,
					"bits_per_second":	46262977.889549159,
					"retransmits":	0,
					"snd_cwnd":	135780,
					"snd_wnd":	0,
					"rtt":	768,
					"rttvar":	279,
					"pmtu":	1500,
					"omitted":	false,
					"sender":	true
				}],
			"sum":	{
				"start":	0.100237,
				"end":	0.200215,
				"seconds":	0.0999779999256134,
				"bytes":	578160,
				"bits_per_second":	46262977.889549159,
				"retransmits":	0,
				"omitted":	false,
				"sender":	true
			}
		}, {
			"streams":	[{
					"socket":	5,
					"start":	0.200215,
					"end":	0.300348,
					"seconds":	0.10013300180435181,
					"bytes":	578160,
					"bits_per_second":	46191364.6515587,
					"retransmits":	0,
					"snd_cwnd":	135780,
					"snd_wnd":	0,
					"rtt":	873,
					"rttvar":	168,
					"pmtu":	1500,
					"omitted":	false,
					"sender":	true
				}],
			"sum":	{
				"start":	0.200215,
				"end":	0.300348,
				"seconds":	0.10013300180435181,
				"bytes":	578160,
				"bits_per_second":	46191364.6515587,
				"retransmits":	0,
				"omitted":	false,
				"sender":	true
			}
		}, {
			"streams":	[{
					"socket":	5,
					"start":	0.300348,
					"end":	0.4002,
					"seconds":	0.099852003157138824,
					"bytes":	1156320,
					"bits_per_second":	92642708.2834005,
					"retransmits":	0,
					"snd_cwnd":	135780,
					"snd_wnd":	0,
					"rtt":	822,
					"rttvar":	141,
					"pmtu":	1500,
					"omitted":	false,
					"sender":	true
				}],
			"sum":	{
				"start":	0.300348,
				"end":	0.4002,
				"seconds":	0.099852003157138824,
				"bytes":	1156320,
				"bits_per_second":	92642708.2834005,
				"retransmits":	0,
				"omitted":	false,
				"sender":	true
			}
		}, {
			"streams":	[{
					"socket":	5,
					"start":	0.4002,
					"end":	0.500216,
					"seconds":	0.10001599788665771,
					"bytes":	578160,
					"bits_per_second":	46245401.713049538,
					"retransmits":	0,
					"snd_cwnd":	135780,
					"snd_wnd":	64240,
					"rtt":	3335,
					"rttvar":	543,
					"pmtu":	1500,
					"omitted":	false,
					"sender":	true
				}],
			"sum":	{
				"start":	0.4002,
				"end":	0.500216,
				"seconds":	0.10001599788665771,
				"bytes":	578160,
				"bits_per_second":	46245401.713049538,
				"retransmits":	0,
				"omitted":	false,
				"sender":	true
			}
		}, {
			"streams":	[{
					"socket":	5,
					"start":	0.500216,
					"end":	0.600231,
					"seconds":	0.10001499950885773,
					"bytes":	1252680,
					"bits_per_second":	100199370.58653349,
					"retransmits":	0,
					"snd_cwnd":	135780,
					"snd_wnd":	0,
					"rtt":	790,
					"rttvar":	119,
					"pmtu":	1500,
					"omitted":	false,
					"sender":	true
				}],
			"sum":	{
				"start":	0.500216,
				"end":	0.600231,
				"seconds":	0.10001499950885773,
				"bytes":	1252680,
				"bits_per_second":	100199370.58653349,
				"retransmits":	0,
				"omitted":	false,
				"sender":	true
			}
		}, {
			"streams":	[{
					"socket":	5,
					"start":	0.600231,
					"end":	0.700213,
					"seconds":	0.099982000887393951,
					"bytes":	899360,
					"bits_per_second":	71961752.4768616,
					"retransmits":	0,
					"snd_cwnd":	135780,
					"snd_wnd":	64240,
					"rtt":	661,
					"rttvar":	213,
					"pmtu":	1500,
					"omitted":	false,
					"sender":	true
				}],
			"sum":	{
				"start":	0.600231,
				"end":	0.700213,
				"seconds":	0.099982000887393951,
				"bytes":	899360,
				"bits_per_second":	71961752.4768616,
				"retransmits":	0,
				"omitted":	false,
				"sender":	true
			}
		}, {
			"streams":	[{
					"socket":	5,
					"start":	0.700213,
					"end":	0.80024,
					"seconds":	0.10002700239419937,
					"bytes":	867240,
					"bits_per_second":	69360471.012198746,
					"retransmits":	0,
					"snd_cwnd":	135780,
					"snd_wnd":	64240,
					"rtt":	2828,
					"rttvar":	218,
					"pmtu":	1500,
					"omitted":	false,
					"sender":	true
				}],
			"sum":	{
				"start":	0.700213,
				"end":	0.80024,
				"seconds":	0.10002700239419937,
				"bytes":	867240,
				"bits_per_second":	69360471.012198746,
				"retransmits":	0,
				"omitted":	false,
				"sender":	true
			}
		}, {
			"streams":	[{
					"socket":	5,
					"start":	0.80024,
					"end":	0.90024,
					"seconds":	0.10000000149011612,
					"bytes":	867240,
					"bits_per_second":	69379198.966169372,
					"retransmits":	0,
					"snd_cwnd":	135780,
					"snd_wnd":	17520,
					"rtt":	973,
					"rttvar":	145,
					"pmtu":	1500,
					"omitted":	false,
					"sender":	true
				}],
			"sum":	{
				"start":	0.80024,
				"end":	0.90024,
				"seconds":	0.10000000149011612,
				"bytes":	867240,
				"bits_per_second":	69379198.966169372,
				"retransmits":	0,
				"omitted":	false,
				"sender":	true
			}
		}, {
			"streams":	[{
					"socket":	5,
					"start":	0.90024,
					"end":	1.000276,
					"seconds":	0.10003600269556046,
					"bytes":	578160,
					"bits_per_second":	46236153.738330722,
					"retransmits":	0,
					"snd_cwnd":	135780,
					"snd_wnd":	0,
					"rtt":	1120,
					"rttvar":	150,
					"pmtu":	1500,
					"omitted":	false,
					"sender":	true
				}],
			"sum":	{
				"start":	0.90024,
				"end":	1.000276,
				"seconds":	0.10003600269556046,
				"bytes":	578160,
				"bits_per_second":	46236153.738330722,
				"retransmits":	0,
				"omitted":	false,
				"sender":	true
			}
		}, {
			"streams":	[{
					"socket":	5,
					"start":	1.000276,
					"end":	1.100253,
					"seconds":	0.0999770015478134,
					"bytes":	867240,
					"bits_per_second":	69395159.8126493,
					"retransmits":	0,
					"snd_cwnd":	135780,
					"snd_wnd":	0,
					"rtt":	778,
					"rttvar":	95,
					"pmtu":	1500,
					"omitted":	false,
					"sender":	true
				}],
			"sum":	{
				"start":	1.000276,
				"end":	1.100253,
				"seconds":	0.0999770015478134,
				"bytes":	867240,
				"bits_per_second":	69395159.8126493,
				"retransmits":	0,
				"omitted":	false,
				"sender":	true
			}
		}, {
			"streams":	[{
					"socket":	5,
					"start":	1.100253,
					"end":	1.200215,
					"seconds":	0.0999620035290718,
					"bytes":	1477520,
					"bits_per_second":	118246529.50820819,
					"retransmits":	0,
					"snd_cwnd":	135780,
					"snd_wnd":	4380,
					"rtt":	745,
					"rttvar":	123,
					"pmtu":	1500,
					"omitted":	false,
					"sender":	true
				}],
			"sum":	{
				"start":	1.100253,
				"end":	1.200215,
				"seconds":	0.0999620035290718,
				"bytes":	1477520,
				"bits_per_second":	118246529.50820819,
				"retransmits":	0,
				"omitted":	false,
				"sender":	true
			}
		}, {
			"streams":	[{
					"socket":	5,
					"start":	1.200215,
					"end":	1.300147,