{
	"start":	{
		"connected":	[{
				"socket":	5,
				"local_host":	"192.168.76.131",
				"local_port":	57810,
				"remote_host":	"10.68.75.53",
				"remote_port":	5201
			}],
		"version":	"iperf 3.12",
		"system_info":	"Linux debian 6.1.0-25-amd64 #1 SMP PREEMPT_DYNAMIC Debian 6.1.106-3 (2024-08-26) x86_64",
		"timestamp":	{
			"time":	"Mon, 23 Sep 2024 22:17:16 GMT",
			"timesecs":	1727129836
		},
		"connecting_to":	{
			"host":	"10.68.75.53",
			"port":	5201
		},
		"cookie":	"vafjdpzao27xqwuqh6eegshgnnqxthli5a4c",
		"tcp_mss_default":	1460,
		"target_bitrate":	0,
		"sock_bufsize":	0,
		"sndbuf_actual":	16384,
		"rcvbuf_actual":	131072,
		"test_start":	{
			"protocol":	"TCP",
			"num_streams":	1,
			"blksize":	131072,
			"omit":	0,
			"duration":	2,
			"bytes":	0,
			"blocks":	0,
			"reverse":	0,
			"tos":	0,
			"target_bitrate":	0
		}
	},
	"intervals":	[{
			"streams":	[{
					"socket":	5,
					"start":	0,
					"end":	0.100223,
					"seconds":	0.10022299736738205,
					"bytes":	1331520,
					"bits_per_second":	106284588.16645595,
					"retransmits":	0,
					"snd_cwnd":	43800,
					"snd_wnd":	0,
					"rtt":	558,
					"rttvar":	142,
					"pmtu":	1500,
					"omitted":	false,
					"sender":	true
				}],
			"sum":	{
				"start":	0,
				"end":	0.100223,
				"seconds":	0.10022299736738205,
				"bytes":	1331520,
				"bits_per_second":	106284588.16645595,
				"retransmits":	0,
				"omitted":	false,
				"sender":	true
			}
		}, {
			"streams":	[{
					"socket":	5,
					"start":	0.100223,
					"end":	0.200201,
					"seconds":	0.0999779999256134,
					"bytes":	1349040,
					"bits_per_second":	107946948.40894803,
					"retransmits":	0,
					"snd_cwnd":	51100,
					"snd_wnd":	0,
					"rtt":	454,
					"rttvar":	55,
					"pmtu":	1500,
					"omitted":	false,
					"sender":	true
				}],
			"sum":	{
				"start":	0.100223,
				"end":	0.200201,
				"seconds":	0.0999779999256134,
				"bytes":	1349040,
				"bits_per_second":	107946948.40894803,
				"retransmits":	0,
				"omitted":	false,
				"sender":	true
			}
		}, {
			"streams":	[{
					"socket":	5,
					"start":	0.200201,
					"end":	0.300211,
					"seconds":	0.10001000016927719,
					"bytes":	1316920,
					"bits_per_second":	105343065.51512671,
					"retransmits":	0,
					"snd_cwnd":	62780,
					"snd_wnd":	64240,
					"rtt":	659,
					"rttvar":	191,
					"pmtu":	1500,
					"omitted":	false,
					"sender":	true
				}],
			"sum":	{
				"start":	0.200201,
				"end":	0.300211,
				"seconds":	0.10001000016927719,
				"bytes":	1316920,
				"bits_per_second":	105343065.51512671,
				"retransmits":	0,
				"omitted":	false,
				"sender":	true
			}
		}, {
			"streams":	[{
					"socket":	5,
					"start":	0.300211,
					"end":	0.400199,
					"seconds":	0.099987998604774475,
					"bytes":	1316920,
					"bits_per_second":	105366245.4195471,
					"retransmits":	0,
					"snd_cwnd":	74460,
					"snd_wnd":	0,
					"rtt":	1140,
					"rttvar":	229,
					"pmtu":	1500,
					"omitted":	false,
					"sender":	true
				}],
			"sum":	{
				"start":	0.300211,
				"end":	0.400199,
				"seconds":	0.099987998604774475,
				"bytes":	1316920,
				"bits_per_second":	105366245.4195471,
				"retransmits":	0,
				"omitted":	false,
				"sender":	true
			}
		}, {
			"streams":	[{
					"socket":	5,
					"start":	0.400199,
					"end":	0.500297,
					"seconds":	0.10009799897670746,
					"bytes":	803000,
					"bits_per_second":	64177107.091769613,
					"retransmits":	0,
					"snd_cwnd":	70080,
					"snd_wnd":	0,
					"rtt":	782,
					"rttvar":	137,
					"pmtu":	1500,
					"omitted":	false,
					"sender":	true
				}],
			"sum":	{
				"start":	0.400199,
				"end":	0.500297,
				"seconds":	0.10009799897670746,
				"bytes":	803000,
				"bits_per_second":	64177107.091769613,
				"retransmits":	0,
				"omitted":	false,
				"sender":	true
			}
		}, {
			"streams":	[{
					"socket":	5,
					"start":	0.500297,
					"end":	0.600168,
					"seconds":	0.099871002137661,
					"bytes":	1381160,
					"bits_per_second":	110635517.45250145,
					"retransmits":	0,
					"snd_cwnd":	75920,
					"snd_wnd":	0,
					"rtt":	718,
					"rttvar":	82,
					"pmtu":	1500,
					"omitted":	false,
					"sender":	true
				}],
			"sum":	{
				"start":	0.500297,
				"end":	0.600168,
				"seconds":	0.099871002137661,
				"bytes":	1381160,
				"bits_per_second":	110635517.45250145,
				"retransmits":	0,
				"omitted":	false,
				"sender":	true
			}
		}, {
			"streams":	[{
					"socket":	5,
					"start":	0.600168,
					"end":	0.700212,
					"seconds":	0.10004399716854095,
					"bytes":	1316920,
					"bits_per_second":	105307267.78390723,
					"retransmits":	0,
					"snd_cwnd":	84680,
					"snd_wnd":	18980,
					"rtt":	1238,
					"rttvar":	143,
					"pmtu":	1500,
					"omitted":	false,
					"sender":	true
				}],
			"sum":	{
				"start":	0.600168,
				"end":	0.700212,
				"seconds":	0.10004399716854095,
				"bytes":	1316920,
				"bits_per_second":	105307267.78390723,
				"retransmits":	0,
				"omitted":	false,
				"sender":	true
			}
		}, {
			"streams":	[{
					"socket":	5,
					"start":	0.700212,
					"end":	0.800268,
					"seconds":	0.1000560000538826,
					"bytes":	1188440,
					"bits_per_second":	95021987.6357237,
					"retransmits":	0,
					"snd_cwnd":	86140,
					"snd_wnd":	32120,
					"rtt":	715,
					"rttvar":	72,
					"pmtu":	1500,
					"omitted":	false,
					"sender":	true
				}],
			"sum":	{
				"start":	0.700212,
				"end":	0.800268,
				"seconds":	0.1000560000538826,
				"bytes":	1188440,
				"bits_per_second":	95021987.6357237,
				"retransmits":	0,
				"omitted":	false,
				"sender":	true
			}
		}, {
			"streams":	[{
					"socket":	5,
					"start":	0.800268,
					"end":	0.900167,
					"seconds":	0.0998990014195442,
					"bytes":	1156320,
					"bits_per_second":	92599123.800553054,
					"retransmits":	0,
					"snd_cwnd":	99280,
					"snd_wnd":	7300,
					"rtt":	1383,
					"rttvar":	95,
					"pmtu":	1500,
					"omitted":	false,
					"sender":	true
				}],
			"sum":	{
				"start":	0.800268,
				"end":	0.900167,
				"seconds":	0.0998990014195442,
				"bytes":	1156320,
				"bits_per_second":	92599123.800553054,
				"retransmits":	0,
				"omitted":	false,
				"sender":	true
			}
		}, {
			"streams":	[{
					"socket":	5,
					"start":	0.900167,
					"end":	1.000174,
					"seconds":	0.10000699758529663,
					"bytes":	1220560,
					"bits_per_second":	97637967.6999283,
					"retransmits":	0,
					"snd_cwnd":	108040,
					"snd_wnd":	0,
					"rtt":	629,
					"rttvar":	104,
					"pmtu":	1500,
					"omitted":	false,
					"sender":	true
				}],
			"sum":	{
				"start":	0.900167,
				"end":	1.000174,
				"seconds":	0.10000699758529663,
				"bytes":	1220560,
				"bits_per_second":	97637967.6999283,
				"retransmits":	0,
				"omitted":	false,
				"sender":	true
			}
		}, {
			"streams":	[{
					"socket":	5,
					"start":	1.000174,
					"end":	1.100246,
					"seconds":	0.10007199645042419,
					"bytes":	995720,
					"bits_per_second":	79600290.616228968,
					"retransmits":	0,
					"snd_cwnd":	116800,
					"snd_wnd":	27740,
					"rtt":	1145,
					"rttvar":	139,
					"pmtu":	1500,
					"omitted":	false,
					"sender":	true
				}],
			"sum":	{
				"start":	1.000174,
				"end":	1.100246,
				"seconds":	0.10007199645042419,
				"bytes":	995720,
				"bits_per_second":	79600290.616228968,
				"retransmits":	0,
				"omitted":	false,
				"sender":	true
			}
		}, {
			"streams":	[{
					"socket":	5,
					"start":	1.100246,
					"end":	1.200331,
					"seconds":	0.10008499771356583,
					"bytes":	770880,
					"bits_per_second":	61618026.086681925,
					"retransmits":	0,
					"snd_cwnd":	122640,
					"snd_wnd":	64240,
					"rtt":	2865,
					"rttvar":	249,
					"pmtu":	1500,
					"omitted":	false,
					"sender":	true
				}],
			"sum":	{
				"start":	1.100246,
				"end":	1.200331,
				"seconds":	0.10008499771356583,
				"bytes":	770880,
				"bits_per_second":	61618026.086681925,
				"retransmits":	0,
				"omitted":	false,
				"sender":	true
			}
		}, {
			"streams":	[{
					"socket":	5,
					"start":	1.200331,