{
	"start":	{
		"connected":	[{
				"socket":	5,
				"local_host":	"192.168.76.131",
				"local_port":	45666,
				"remote_host":	"10.68.75.53",
				"remote_port":	5201
			}],
		"version":	"iperf 3.12",
		"system_info":	"Linux debian 6.1.0-25-amd64 #1 SMP PREEMPT_DYNAMIC Debian 6.1.106-3 (2024-08-26) x86_64",
		"timestamp":	{
			"time":	"Tue, 24 Sep 2024 09:07:18 GMT",
			"timesecs":	1727168838
		},
		"connecting_to":	{
			"host":	"10.68.75.53",
			"port":	5201
		},
		"cookie":	"nisqcszutgpxs2pth4bpm7xgc5nlaf6xd2um",
		"tcp_mss_default":	1460,
		"target_bitrate":	0,
		"sock_bufsize":	0,
		"sndbuf_actual":	16384,
		"rcvbuf_actual":	131072,
		"test_start":	{
			"protocol":	"TCP",
			"num_streams":	1,
			"blksize":	131072,
			"omit":	0,
			"duration":	2,
			"bytes":	0,
			"blocks":	0,
			"reverse":	0,
			"tos":	0,
			"target_bitrate":	0
		}
	},
	"intervals":	[{
			"streams":	[{
					"socket":	5,
					"start":	0,
					"end":	0.100124,
					"seconds":	0.10012400150299072,
					"bytes":	2359360,
					"bits_per_second":	188515038.51887307,
					"retransmits":	0,
					"snd_cwnd":	7300,
					"snd_wnd":	64240,
					"rtt":	374,
					"rttvar":	60,
					"pmtu":	1500,
					"omitted":	false,
					"sender":	true
				}],
			"sum":	{
				"start":	0,
				"end":	0.100124,
				"seconds":	0.10012400150299072,
				"bytes":	2359360,
				"bits_per_second":	188515038.51887307,
				"retransmits":	0,
				"omitted":	false,
				"sender":	true
			}
		}, {
			"streams":	[{
					"socket":	5,
					"start":	0.100124,
					"end":	0.200146,
					"seconds":	0.10002200305461884,
					"bytes":	1027840,
					"bits_per_second":	82209111.484298453,
					"retransmits":	0,
					"snd_cwnd":	4380,
					"snd_wnd":	64240,
					"rtt":	421,
					"rttvar":	63,
					"pmtu":	1500,
					"omitted":	false,
					"sender":	true
				}],
			"sum":	{
				"start":	0.100124,
				"end":	0.200146,
				"seconds":	0.10002200305461884,
				"bytes":	1027840,
				"bits_per_second":	82209111.484298453,
				"retransmits":	0,
				"omitted":	false,
				"sender":	true
			}
		}, {
			"streams":	[{
					"socket":	5,
					"start":	0.200146,
					"end":	0.300175,
					"seconds":	0.10002899914979935,
					"bytes":	963600,
					"bits_per_second":	77065651.616243958,
					"retransmits":	0,
					"snd_cwnd":	5840,
					"snd_wnd":	64240,
					"rtt":	399,
					"rttvar":	75,
					"pmtu":	1500,
					"omitted":	false,
					"sender":	true
				}],
			"sum":	{
				"start":	0.200146,
				"end":	0.300175,
				"seconds":	0.10002899914979935,
				"bytes":	963600,
				"bits_per_second":	77065651.616243958,
				"retransmits":	0,
				"omitted":	false,
				"sender":	true
			}
		}, {
			"streams":	[{
					"socket":	5,
					"start":	0.300175,
					"end":	0.400224,
					"seconds":	0.10004899650812149,
					"bytes":	963600,
					"bits_per_second":	77050248.068947271,
					"retransmits":	0,
					"snd_cwnd":	4380,
					"snd_wnd":	64240,
					"rtt":	611,
					"rttvar":	159,
					"pmtu":	1500,
					"omitted":	false,
					"sender":	true
				}],
			"sum":	{
				"start":	0.300175,
				"end":	0.400224,
				"seconds":	0.10004899650812149,
				"bytes":	963600,
				"bits_per_second":	77050248.068947271,
				"retransmits":	0,
				"omitted":	false,
				"sender":	true
			}
		}, {
			"streams":	[{
					"socket":	5,
					"start":	0.400224,
					"end":	0.500458,
					"seconds":	0.10023400187492371,
					"bytes":	899360,
					"bits_per_second":	71780831.50843443,
					"retransmits":	0,
					"snd_cwnd":	4380,
					"snd_wnd":	64240,
					"rtt":	840,
					"rttvar":	694,
					"pmtu":	1500,
					"omitted":	false,
					"sender":	true
				}],
			"sum":	{
				"start":	0.400224,
				"end":	0.500458,
				"seconds":	0.10023400187492371,
				"bytes":	899360,
				"bits_per_second":	71780831.50843443,
				"retransmits":	0,
				"omitted":	false,
				"sender":	true
			}
		}, {
			"streams":	[{
					"socket":	5,
					"start":	0.500458,
					"end":	0.600194,
					"seconds":	0.0997359976172447,
					"bytes":	1059960,
					"bits_per_second":	85021258.147357538,
					"retransmits":	0,
					"snd_cwnd":	4380,
					"snd_wnd":	64240,
					"rtt":	539,
					"rttvar":	113,
					"pmtu":	1500,
					"omitted":	false,
					"sender":	true
				}],
			"sum":	{
				"start":	0.500458,
				"end":	0.600194,
				"seconds":	0.0997359976172447,
				"bytes":	1059960,
				"bits_per_second":	85021258.147357538,
				"retransmits":	0,
				"omitted":	false,
				"sender":	true
			}
		}, {
			"streams":	[{
					"socket":	5,
					"start":	0.600194,
					"end":	0.700119,
					"seconds":	0.0999249964952469,
					"bytes":	1092080,
					"bits_per_second":	87431977.047060236,
					"retransmits":	0,
					"snd_cwnd":	4380,
					"snd_wnd":	64240,
					"rtt":	351,
					"rttvar":	74,
					"pmtu":	1500,
					"omitted":	false,
					"sender":	true
				}],
			"sum":	{
				"start":	0.600194,
				"end":	0.700119,
				"seconds":	0.0999249964952469,
				"bytes":	1092080,
				"bits_per_second":	87431977.047060236,
				"retransmits":	0,
				"omitted":	false,
				"sender":	true
			}
		}, {
			"streams":	[{
					"socket":	5,
					"start":	0.700119,
					"end":	0.800171,
					"seconds":	0.10005199909210205,
					"bytes":	1092080,
					"bits_per_second":	87320993.87597,
					"retransmits":	0,
					"snd_cwnd":	4380,
					"snd_wnd":	64240,
					"rtt":	346,
					"rttvar":	39,
					"pmtu":	1500,
					"omitted":	false,
					"sender":	true
				}],
			"sum":	{
				"start":	0.700119,
				"end":	0.800171,
				"seconds":	0.10005199909210205,
				"bytes":	1092080,
				"bits_per_second":	87320993.87597,
				"retransmits":	0,
				"omitted":	false,
				"sender":	true
			}
		}, {
			"streams":	[{
					"socket":	5,
					"start":	0.800171,
					"end":	0.900113,
					"seconds":	0.099941998720169067,
					"bytes":	963600,
					"bits_per_second":	77132737.975194246,
					"retransmits":	0,
					"snd_cwnd":	4380,
					"snd_wnd":	64240,
					"rtt":	365,
					"rttvar":	55,
					"pmtu":	1500,
					"omitted":	false,
					"sender":	true
				}],
			"sum":	{
				"start":	0.800171,
				"end":	0.900113,
				"seconds":	0.099941998720169067,
				"bytes":	963600,
				"bits_per_second":	77132737.975194246,
				"retransmits":	0,
				"omitted":	false,
				"sender":	true
			}
		}, {
			"streams":	[{
					"socket":	5,
					"start":	0.900113,
					"end":	1.000192,
					"seconds":	0.1000789999961853,
					"bytes":	899360,
					"bits_per_second":	71892005.3185408,
					"retransmits":	0,
					"snd_cwnd":	4380,
					"snd_wnd":	64240,
					"rtt":	407,
					"rttvar":	78,
					"pmtu":	1500,
					"omitted":	false,
					"sender":	true
				}],
			"sum":	{
				"start":	0.900113,
				"end":	1.000192,
				"seconds":	0.1000789999961853,
				"bytes":	899360,
				"bits_per_second":	71892005.3185408,
				"retransmits":	0,
				"omitted":	false,
				"sender":	true
			}
		}, {
			"streams":	[{
					"socket":	5,
					"start":	1.000192,
					"end":	1.106973,
					"seconds":	0.1067809984087944,
					"bytes":	1059960,
					"bits_per_second":	79411881.5740687,
					"retransmits":	0,
					"snd_cwnd":	4380,
					"snd_wnd":	64240,
					"rtt":	420,
					"rttvar":	54,
					"pmtu":	1500,
					"omitted":	false,
					"sender":	true
				}],
			"sum":	{
				"start":	1.000192,
				"end":	1.106973,
				"seconds":	0.1067809984087944,
				"bytes":	1059960,
				"bits_per_second":	79411881.5740687,
				"retransmits":	0,
				"omitted":	false,
				"sender":	true
			}
		}, {
			"streams":	[{
					"socket":	5,
					"start":	1.106973,
					"end":	1.200287,
					"seconds":	0.0933139994740486,
					"bytes":	835120,
					"bits_per_second":	71596545.402150825,
					"retransmits":	0,
					"snd_cwnd":	4380,
					"snd_wnd":	64240,
					"rtt":	390,
					"rttvar":	92,
					"pmtu":	1500,
					"omitted":	false,
					"sender":	true
				}],
			"sum":	{
				"start":	1.106973,
				"end":	1.200287,
				"seconds":	0.0933139994740486,
				"bytes":	835120,
				"bits_per_second":	71596545.402150825,
				"retransmits":	0,
				"omitted":	false,
				"sender":	true
			}
		}, {
			"streams":	[{
					"socket":	5,
					"start":	1.200287,