{
	"start":	{
		"connected":	[{
				"socket":	5,
				"local_host":	"192.168.76.131",
				"local_port":	49632,
				"remote_host":	"10.68.75.53",
				"remote_port":	5201
			}],
		"version":	"iperf 3.12",
		"system_info":	"Linux debian 6.1.0-25-amd64 #1 SMP PREEMPT_DYNAMIC Debian 6.1.106-3 (2024-08-26) x86_64",
		"timestamp":	{
			"time":	"Tue, 24 Sep 2024 09:29:46 GMT",
			"timesecs":	1727170186
		},
		"connecting_to":	{
			"host":	"10.68.75.53",
			"port":	5201
		},
		"cookie":	"ge27ksxscgn66iwizxr2nahzv7a6a5jjiloj",
		"tcp_mss_default":	1460,
		"target_bitrate":	0,
		"sock_bufsize":	0,
		"sndbuf_actual":	16384,
		"rcvbuf_actual":	131072,
		"test_start":	{
			"protocol":	"TCP",
			"num_streams":	1,
			"blksize":	131072,
			"omit":	0,
			"duration":	2,
			"bytes":	0,
			"blocks":	0,
			"reverse":	0,
			"tos":	0,
			"target_bitrate":	0
		}
	},
	"intervals":	[{
			"streams":	[{
					"socket":	5,
					"start":	0,
					"end":	0.100216,
					"seconds":	0.10021600127220154,
					"bytes":	3163820,
					"bits_per_second":	252560067.042116,
					"retransmits":	0,
					"snd_cwnd":	163520,
					"snd_wnd":	64240,
					"rtt":	3006,
					"rttvar":	653,
					"pmtu":	1500,
					"omitted":	false,
					"sender":	true
				}],
			"sum":	{
				"start":	0,
				"end":	0.100216,
				"seconds":	0.10021600127220154,
				"bytes":	3163820,
				"bits_per_second":	252560067.042116,
				"retransmits":	0,
				"omitted":	false,
				"sender":	true
			}
		}, {
			"streams":	[{
					"socket":	5,
					"start":	0.100216,
					"end":	0.200396,
					"seconds":	0.1001800000667572,
					"bytes":	2055680,
					"bits_per_second":	164158913.84549022,
					"retransmits":	0,
					"snd_cwnd":	105120,
					"snd_wnd":	64240,
					"rtt":	3827,
					"rttvar":	281,
					"pmtu":	1500,
					"omitted":	false,
					"sender":	true
				}],
			"sum":	{
				"start":	0.100216,
				"end":	0.200396,
				"seconds":	0.1001800000667572,
				"bytes":	2055680,
				"bits_per_second":	164158913.84549022,
				"retransmits":	0,
				"omitted":	false,
				"sender":	true
			}
		}, {
			"streams":	[{
					"socket":	5,
					"start":	0.200396,
					"end":	0.30565,
					"seconds":	0.10525400191545486,
					"bytes":	3693800,
					"bits_per_second":	280753220.42136049,
					"retransmits":	0,
					"snd_cwnd":	210240,
					"snd_wnd":	64240,
					"rtt":	1542,
					"rttvar":	46,
					"pmtu":	1500,
					"omitted":	false,
					"sender":	true
				}],
			"sum":	{
				"start":	0.200396,
				"end":	0.30565,
				"seconds":	0.10525400191545486,
				"bytes":	3693800,
				"bits_per_second":	280753220.42136049,
				"retransmits":	0,
				"omitted":	false,
				"sender":	true
			}
		}, {
			"streams":	[{
					"socket":	5,
					"start":	0.30565,
					"end":	0.400313,
					"seconds":	0.094663001596927643,
					"bytes":	1991440,
					"bits_per_second":	168297219.94064754,
					"retransmits":	0,
					"snd_cwnd":	122640,
					"snd_wnd":	64240,
					"rtt":	1288,
					"rttvar":	579,
					"pmtu":	1500,
					"omitted":	false,
					"sender":	true
				}],
			"sum":	{
				"start":	0.30565,
				"end":	0.400313,
				"seconds":	0.094663001596927643,
				"bytes":	1991440,
				"bits_per_second":	168297219.94064754,
				"retransmits":	0,
				"omitted":	false,
				"sender":	true
			}
		}, {
			"streams":	[{
					"socket":	5,
					"start":	0.400313,
					"end":	0.500146,
					"seconds":	0.099832996726036072,
					"bytes":	2665960,
					"bits_per_second":	213633575.06464413,
					"retransmits":	0,
					"snd_cwnd":	262800,
					"snd_wnd":	64240,
					"rtt":	2312,
					"rttvar":	182,
					"pmtu":	1500,
					"omitted":	false,
					"sender":	true
				}],
			"sum":	{
				"start":	0.400313,
				"end":	0.500146,
				"seconds":	0.099832996726036072,
				"bytes":	2665960,
				"bits_per_second":	213633575.06464413,
				"retransmits":	0,
				"omitted":	false,
				"sender":	true
			}
		}, {
			"streams":	[{
					"socket":	5,
					"start":	0.500146,
					"end":	0.600219,
					"seconds":	0.10007300227880478,
					"bytes":	1670240,
					"bits_per_second":	133521726.09724954,
					"retransmits":	0,
					"snd_cwnd":	236520,
					"snd_wnd":	64240,
					"rtt":	1733,
					"rttvar":	21,
					"pmtu":	1500,
					"omitted":	false,
					"sender":	true
				}],
			"sum":	{
				"start":	0.500146,
				"end":	0.600219,
				"seconds":	0.10007300227880478,
				"bytes":	1670240,
				"bits_per_second":	133521726.09724954,
				"retransmits":	0,
				"omitted":	false,
				"sender":	true
			}
		}, {
			"streams":	[{
					"socket":	5,
					"start":	0.600219,
					"end":	0.700298,
					"seconds":	0.1000789999961853,
					"bytes":	2569600,
					"bits_per_second":	205405729.48154518,
					"retransmits":	0,
					"snd_cwnd":	157680,
					"snd_wnd":	64240,
					"rtt":	3115,
					"rttvar":	155,
					"pmtu":	1500,
					"omitted":	false,
					"sender":	true
				}],
			"sum":	{
				"start":	0.600219,
				"end":	0.700298,
				"seconds":	0.1000789999961853,
				"bytes":	2569600,
				"bits_per_second":	205405729.48154518,
				"retransmits":	0,
				"omitted":	false,
				"sender":	true
			}
		}, {
			"streams":	[{
					"socket":	5,
					"start":	0.700298,
					"end":	0.800234,
					"seconds":	0.099936001002788544,
					"bytes":	1702360,
					"bits_per_second":	136276015.283221,
					"retransmits":	0,
					"snd_cwnd":	128480,
					"snd_wnd":	64240,
					"rtt":	4205,
					"rttvar":	345,
					"pmtu":	1500,
					"omitted":	false,
					"sender":	true
				}],
			"sum":	{
				"start":	0.700298,
				"end":	0.800234,
				"seconds":	0.099936001002788544,
				"bytes":	1702360,
				"bits_per_second":	136276015.283221,
				"retransmits":	0,
				"omitted":	false,
				"sender":	true
			}
		}, {
			"streams":	[{
					"socket":	5,
					"start":	0.800234,
					"end":	0.900262,
					"seconds":	0.10002800077199936,
					"bytes":	1702360,
					"bits_per_second":	136150676.759425,
					"retransmits":	0,
					"snd_cwnd":	151840,
					"snd_wnd":	64240,
					"rtt":	4096,
					"rttvar":	296,
					"pmtu":	1500,
					"omitted":	false,
					"sender":	true
				}],
			"sum":	{
				"start":	0.800234,
				"end":	0.900262,
				"seconds":	0.10002800077199936,
				"bytes":	1702360,
				"bits_per_second":	136150676.759425,
				"retransmits":	0,
				"omitted":	false,
				"sender":	true
			}
		}, {
			"streams":	[{
					"socket":	5,
					"start":	0.900262,
					"end":	1.000196,
					"seconds":	0.099933996796607971,
					"bytes":	2505360,
					"bits_per_second":	200561176.80144972,
					"retransmits":	0,
					"snd_cwnd":	157680,
					"snd_wnd":	64240,
					"rtt":	1806,
					"rttvar":	139,
					"pmtu":	1500,
					"omitted":	false,
					"sender":	true
				}],
			"sum":	{
				"start":	0.900262,
				"end":	1.000196,
				"seconds":	0.099933996796607971,
				"bytes":	2505360,
				"bits_per_second":	200561176.80144972,
				"retransmits":	0,
				"omitted":	false,
				"sender":	true
			}
		}, {
			"streams":	[{
					"socket":	5,
					"start":	1.000196,
					"end":	1.100232,
					"seconds":	0.10003600269556046,
					"bytes":	3565320,
					"bits_per_second":	285122948.05303949,
					"retransmits":	0,
					"snd_cwnd":	251120,
					"snd_wnd":	64240,
					"rtt":	2426,
					"rttvar":	64,
					"pmtu":	1500,
					"omitted":	false,
					"sender":	true
				}],
			"sum":	{
				"start":	1.000196,
				"end":	1.100232,
				"seconds":	0.10003600269556046,
				"bytes":	3565320,
				"bits_per_second":	285122948.05303949,
				"retransmits":	0,
				"omitted":	false,
				"sender":	true
			}
		}, {
			"streams":	[{
					"socket":	5,
					"start":	1.100232,
					"end":	1.200171,
					"seconds":	0.0999390035867691,
					"bytes":	1670240,
					"bits_per_second":	133700752.6635875,
					"retransmits":	0,
					"snd_cwnd":	148920,
					"snd_wnd":	64240,
					"rtt":	3196,
					"rttvar":	253,
					"pmtu":	1500,
					"omitted":	false,
					"sender":	true
				}],
			"sum":	{
				"start":	1.100232,
				"end":	1.200171,
				"seconds":	0.0999390035867691,
				"bytes":	1670240,
				"bits_per_second":	133700752.6635875,
				"retransmits":	0,
				"omitted":	false,