{
	"start":	{
		"connected":	[{
				"socket":	5,
				"local_host":	"192.168.76.131",
				"local_port":	44300,
				"remote_host":	"10.68.75.53",
				"remote_port":	5201
			}],
		"version":	"iperf 3.12",
		"system_info":	"Linux debian 6.1.0-25-amd64 #1 SMP PREEMPT_DYNAMIC Debian 6.1.106-3 (2024-08-26) x86_64",
		"timestamp":	{
			"time":	"Tue, 24 Sep 2024 09:23:15 GMT",
			"timesecs":	1727169795
		},
		"connecting_to":	{
			"host":	"10.68.75.53",
			"port":	5201
		},
		"cookie":	"uh55tg6xdiw232kiawpfaxtdoyw77k45qak7",
		"tcp_mss_default":	1460,
		"target_bitrate":	0,
		"sock_bufsize":	0,
		"sndbuf_actual":	16384,
		"rcvbuf_actual":	131072,
		"test_start":	{
			"protocol":	"TCP",
			"num_streams":	1,
			"blksize":	131072,
			"omit":	0,
			"duration":	2,
			"bytes":	0,
			"blocks":	0,
			"reverse":	0,
			"tos":	0,
			"target_bitrate":	0
		}
	},
	"intervals":	[{
			"streams":	[{
					"socket":	5,
					"start":	0,
					"end":	0.11953,
					"seconds":	0.11952999979257584,
					"bytes":	2621440,
					"bits_per_second":	175449845.53160325,
					"retransmits":	0,
					"snd_cwnd":	189800,
					"snd_wnd":	64240,
					"rtt":	1456,
					"rttvar":	272,
					"pmtu":	1500,
					"omitted":	false,
					"sender":	true
				}],
			"sum":	{
				"start":	0,
				"end":	0.11953,
				"seconds":	0.11952999979257584,
				"bytes":	2621440,
				"bits_per_second":	175449845.53160325,
				"retransmits":	0,
				"omitted":	false,
				"sender":	true
			}
		}, {
			"streams":	[{
					"socket":	5,
					"start":	0.11953,
					"end":	0.218726,
					"seconds":	0.099196001887321472,
					"bytes":	2621440,
					"bits_per_second":	211414972.38791871,
					"retransmits":	0,
					"snd_cwnd":	189800,
					"snd_wnd":	64240,
					"rtt":	2150,
					"rttvar":	678,
					"pmtu":	1500,
					"omitted":	false,
					"sender":	true
				}],
			"sum":	{
				"start":	0.11953,
				"end":	0.218726,
				"seconds":	0.099196001887321472,
				"bytes":	2621440,
				"bits_per_second":	211414972.38791871,
				"retransmits":	0,
				"omitted":	false,
				"sender":	true
			}
		}, {
			"streams":	[{
					"socket":	5,
					"start":	0.218726,
					"end":	0.323059,
					"seconds":	0.10433299839496613,
					"bytes":	2621440,
					"bits_per_second":	201005629.30828065,
					"retransmits":	0,
					"snd_cwnd":	189800,
					"snd_wnd":	64240,
					"rtt":	1517,
					"rttvar":	674,
					"pmtu":	1500,
					"omitted":	false,
					"sender":	true
				}],
			"sum":	{
				"start":	0.218726,
				"end":	0.323059,
				"seconds":	0.10433299839496613,
				"bytes":	2621440,
				"bits_per_second":	201005629.30828065,
				"retransmits":	0,
				"omitted":	false,
				"sender":	true
			}
		}, {
			"streams":	[{
					"socket":	5,
					"start":	0.323059,
					"end":	0.421305,
					"seconds":	0.0982460007071495,
					"bytes":	2621440,
					"bits_per_second":	213459274.15927753,
					"retransmits":	0,
					"snd_cwnd":	189800,
					"snd_wnd":	64240,
					"rtt":	1682,
					"rttvar":	658,
					"pmtu":	1500,
					"omitted":	false,
					"sender":	true
				}],
			"sum":	{
				"start":	0.323059,
				"end":	0.421305,
				"seconds":	0.0982460007071495,
				"bytes":	2621440,
				"bits_per_second":	213459274.15927753,
				"retransmits":	0,
				"omitted":	false,
				"sender":	true
			}
		}, {
			"streams":	[{
					"socket":	5,
					"start":	0.421305,
					"end":	0.500142,
					"seconds":	0.078836999833583832,
					"bytes":	3122400,
					"bits_per_second":	316846151.58781183,
					"retransmits":	0,
					"snd_cwnd":	189800,
					"snd_wnd":	64240,
					"rtt":	1633,
					"rttvar":	36,
					"pmtu":	1500,
					"omitted":	false,
					"sender":	true
				}],
			"sum":	{
				"start":	0.421305,
				"end":	0.500142,
				"seconds":	0.078836999833583832,
				"bytes":	3122400,
				"bits_per_second":	316846151.58781183,
				"retransmits":	0,
				"omitted":	false,
				"sender":	true
			}
		}, {
			"streams":	[{
					"socket":	5,
					"start":	0.500142,
					"end":	0.60017,
					"seconds":	0.10002800077199936,
					"bytes":	2376880,
					"bits_per_second":	190097171.32448021,
					"retransmits":	0,
					"snd_cwnd":	189800,
					"snd_wnd":	64240,
					"rtt":	1193,
					"rttvar":	114,
					"pmtu":	1500,
					"omitted":	false,
					"sender":	true
				}],
			"sum":	{
				"start":	0.500142,
				"end":	0.60017,
				"seconds":	0.10002800077199936,
				"bytes":	2376880,
				"bits_per_second":	190097171.32448021,
				"retransmits":	0,
				"omitted":	false,
				"sender":	true
			}
		}, {
			"streams":	[{
					"socket":	5,
					"start":	0.60017,
					"end":	0.700186,
					"seconds":	0.10001599788665771,
					"bytes":	3340480,
					"bits_per_second":	267195654.342064,
					"retransmits":	0,
					"snd_cwnd":	189800,
					"snd_wnd":	64240,
					"rtt":	2367,
					"rttvar":	400,
					"pmtu":	1500,
					"omitted":	false,
					"sender":	true
				}],
			"sum":	{
				"start":	0.60017,
				"end":	0.700186,
				"seconds":	0.10001599788665771,
				"bytes":	3340480,
				"bits_per_second":	267195654.342064,
				"retransmits":	0,
				"omitted":	false,
				"sender":	true
			}
		}, {
			"streams":	[{
					"socket":	5,
					"start":	0.700186,
					"end":	0.800305,
					"seconds":	0.10011900216341019,
					"bytes":	1573880,
					"bits_per_second":	125760741.99630369,
					"retransmits":	0,
					"snd_cwnd":	189800,
					"snd_wnd":	64240,
					"rtt":	1977,
					"rttvar":	260,
					"pmtu":	1500,
					"omitted":	false,
					"sender":	true
				}],
			"sum":	{
				"start":	0.700186,
				"end":	0.800305,
				"seconds":	0.10011900216341019,
				"bytes":	1573880,
				"bits_per_second":	125760741.99630369,
				"retransmits":	0,
				"omitted":	false,
				"sender":	true
			}
		}, {
			"streams":	[{
					"socket":	5,
					"start":	0.800305,
					"end":	0.900184,
					"seconds":	0.0998789966106415,
					"bytes":	2312640,
					"bits_per_second":	185235341.04094937,
					"retransmits":	0,
					"snd_cwnd":	189800,
					"snd_wnd":	64240,
					"rtt":	2361,
					"rttvar":	218,
					"pmtu":	1500,
					"omitted":	false,
					"sender":	true
				}],
			"sum":	{
				"start":	0.800305,
				"end":	0.900184,
				"seconds":	0.0998789966106415,
				"bytes":	2312640,
				"bits_per_second":	185235341.04094937,
				"retransmits":	0,
				"omitted":	false,
				"sender":	true
			}
		}, {
			"streams":	[{
					"socket":	5,
					"start":	0.900184,
					"end":	1.000198,
					"seconds":	0.10001400113105774,
					"bytes":	1959320,
					"bits_per_second":	156723656.91539678,
					"retransmits":	0,
					"snd_cwnd":	189800,
					"snd_wnd":	64240,
					"rtt":	6190,
					"rttvar":	428,
					"pmtu":	1500,
					"omitted":	false,
					"sender":	true
				}],
			"sum":	{
				"start":	0.900184,
				"end":	1.000198,
				"seconds":	0.10001400113105774,
				"bytes":	1959320,
				"bits_per_second":	156723656.91539678,
				"retransmits":	0,
				"omitted":	false,
				"sender":	true
			}
		}, {
			"streams":	[{
					"socket":	5,
					"start":	1.000198,
					"end":	1.100218,
					"seconds":	0.10001999884843826,
					"bytes":	2794440,
					"bits_per_second":	223510500.47376665,
					"retransmits":	0,
					"snd_cwnd":	189800,
					"snd_wnd":	64240,
					"rtt":	1187,
					"rttvar":	120,
					"pmtu":	1500,
					"omitted":	false,
					"sender":	true
				}],
			"sum":	{
				"start":	1.000198,
				"end":	1.100218,
				"seconds":	0.10001999884843826,
				"bytes":	2794440,
				"bits_per_second":	223510500.47376665,
				"retransmits":	0,
				"omitted":	false,
				"sender":	true
			}
		}, {
			"streams":	[{
					"socket":	5,
					"start":	1.100218,
					"end":	1.200159,
					"seconds":	0.0999410003423691,
					"bytes":	2312640,
					"bits_per_second":	185120420.41424933,
					"retransmits":	0,
					"snd_cwnd":	189800,
					"snd_wnd":	64240,
					"rtt":	3545,
					"rttvar":	555,
					"pmtu":	1500,
					"omitted":	false,
					"sender":	true
				}],
			"sum":	{
				"start":	1.100218,
				"end":	1.200159,
				"seconds":	0.0999410003423691,
				"bytes":	2312640,
				"bits_per_second":	185120420.41424933,
				"retransmits":	0,
				"omitted":	false,