{
	"start":	{
		"connected":	[{
				"socket":	5,
				"local_host":	"192.168.76.131",
				"local_port":	41496,
				"remote_host":	"10.68.75.53",
				"remote_port":	5201
			}],
		"version":	"iperf 3.12",
		"system_info":	"Linux debian 6.1.0-25-amd64 #1 SMP PREEMPT_DYNAMIC Debian 6.1.106-3 (2024-08-26) x86_64",
		"timestamp":	{
			"time":	"Tue, 24 Sep 2024 09:16:50 GMT",
			"timesecs":	1727169410
		},
		"connecting_to":	{
			"host":	"10.68.75.53",
			"port":	5201
		},
		"cookie":	"ytqixfjnzxna4t7wurjjak3akalktogvc5g5",
		"tcp_mss_default":	1460,
		"target_bitrate":	0,
		"sock_bufsize":	0,
		"sndbuf_actual":	16384,
		"rcvbuf_actual":	131072,
		"test_start":	{
			"protocol":	"TCP",
			"num_streams":	1,
			"blksize":	131072,
			"omit":	0,
			"duration":	2,
			"bytes":	0,
			"blocks":	0,
			"reverse":	0,
			"tos":	0,
			"target_bitrate":	0
		}
	},
	"intervals":	[{
			"streams":	[{
					"socket":	5,
					"start":	0,
					"end":	0.100142,
					"seconds":	0.10014200210571289,
					"bytes":	2423600,
					"bits_per_second":	193613065.370239,
					"retransmits":	0,
					"snd_cwnd":	128480,
					"snd_wnd":	64240,
					"rtt":	5254,
					"rttvar":	524,
					"pmtu":	1500,
					"omitted":	false,
					"sender":	true
				}],
			"sum":	{
				"start":	0,
				"end":	0.100142,
				"seconds":	0.10014200210571289,
				"bytes":	2423600,
				"bits_per_second":	193613065.370239,
				"retransmits":	0,
				"omitted":	false,
				"sender":	true
			}
		}, {
			"streams":	[{
					"socket":	5,
					"start":	0.100142,
					"end":	0.200111,
					"seconds":	0.0999689996242523,
					"bytes":	2312640,
					"bits_per_second":	185068571.9526962,
					"retransmits":	0,
					"snd_cwnd":	128480,
					"snd_wnd":	64240,
					"rtt":	2673,
					"rttvar":	183,
					"pmtu":	1500,
					"omitted":	false,
					"sender":	true
				}],
			"sum":	{
				"start":	0.100142,
				"end":	0.200111,
				"seconds":	0.0999689996242523,
				"bytes":	2312640,
				"bits_per_second":	185068571.9526962,
				"retransmits":	0,
				"omitted":	false,
				"sender":	true
			}
		}, {
			"streams":	[{
					"socket":	5,
					"start":	0.200111,
					"end":	0.300137,
					"seconds":	0.10002599656581879,
					"bytes":	2409000,
					"bits_per_second":	192669912.43939969,
					"retransmits":	0,
					"snd_cwnd":	128480,
					"snd_wnd":	64240,
					"rtt":	2637,
					"rttvar":	169,
					"pmtu":	1500,
					"omitted":	false,
					"sender":	true
				}],
			"sum":	{
				"start":	0.200111,
				"end":	0.300137,
				"seconds":	0.10002599656581879,
				"bytes":	2409000,
				"bits_per_second":	192669912.43939969,
				"retransmits":	0,
				"omitted":	false,
				"sender":	true
			}
		}, {
			"streams":	[{
					"socket":	5,
					"start":	0.300137,
					"end":	0.400128,
					"seconds":	0.099991001188755035,
					"bytes":	2152040,
					"bits_per_second":	172178694.03568032,
					"retransmits":	0,
					"snd_cwnd":	128480,
					"snd_wnd":	64240,
					"rtt":	4265,
					"rttvar":	199,
					"pmtu":	1500,
					"omitted":	false,
					"sender":	true
				}],
			"sum":	{
				"start":	0.300137,
				"end":	0.400128,
				"seconds":	0.099991001188755035,
				"bytes":	2152040,
				"bits_per_second":	172178694.03568032,
				"retransmits":	0,
				"omitted":	false,
				"sender":	true
			}
		}, {
			"streams":	[{
					"socket":	5,
					"start":	0.400128,
					"end":	0.500162,
					"seconds":	0.10003399848937988,
					"bytes":	2216280,
					"bits_per_second":	177242140.34973651,
					"retransmits":	0,
					"snd_cwnd":	128480,
					"snd_wnd":	64240,
					"rtt":	2665,
					"rttvar":	273,
					"pmtu":	1500,
					"omitted":	false,
					"sender":	true
				}],
			"sum":	{
				"start":	0.400128,
				"end":	0.500162,
				"seconds":	0.10003399848937988,
				"bytes":	2216280,
				"bits_per_second":	177242140.34973651,
				"retransmits":	0,
				"omitted":	false,
				"sender":	true
			}
		}, {
			"streams":	[{
					"socket":	5,
					"start":	0.500162,
					"end":	0.600191,
					"seconds":	0.10002899914979935,
					"bytes":	1927200,
					"bits_per_second":	154131303.23248792,
					"retransmits":	0,
					"snd_cwnd":	128480,
					"snd_wnd":	64240,
					"rtt":	2712,
					"rttvar":	367,
					"pmtu":	1500,
					"omitted":	false,
					"sender":	true
				}],
			"sum":	{
				"start":	0.500162,
				"end":	0.600191,
				"seconds":	0.10002899914979935,
				"bytes":	1927200,
				"bits_per_second":	154131303.23248792,
				"retransmits":	0,
				"omitted":	false,
				"sender":	true
			}
		}, {
			"streams":	[{
					"socket":	5,
					"start":	0.600191,
					"end":	0.700164,
					"seconds":	0.099973000586032867,
					"bytes":	2184160,
					"bits_per_second":	174779989.57291651,
					"retransmits":	0,
					"snd_cwnd":	128480,
					"snd_wnd":	64240,
					"rtt":	1643,
					"rttvar":	70,
					"pmtu":	1500,
					"omitted":	false,
					"sender":	true
				}],
			"sum":	{
				"start":	0.600191,
				"end":	0.700164,
				"seconds":	0.099973000586032867,
				"bytes":	2184160,
				"bits_per_second":	174779989.57291651,
				"retransmits":	0,
				"omitted":	false,
				"sender":	true
			}
		}, {
			"streams":	[{
					"socket":	5,
					"start":	0.700164,
					"end":	0.800157,
					"seconds":	0.099992997944355,
					"bytes":	1895080,
					"bits_per_second":	151617016.30784914,
					"retransmits":	0,
					"snd_cwnd":	128480,
					"snd_wnd":	64240,
					"rtt":	3152,
					"rttvar":	206,
					"pmtu":	1500,
					"omitted":	false,
					"sender":	true
				}],
			"sum":	{
				"start":	0.700164,
				"end":	0.800157,
				"seconds":	0.099992997944355,
				"bytes":	1895080,
				"bits_per_second":	151617016.30784914,
				"retransmits":	0,
				"omitted":	false,
				"sender":	true
			}
		}, {
			"streams":	[{
					"socket":	5,
					"start":	0.800157,
					"end":	0.90022,
					"seconds":	0.10006300359964371,
					"bytes":	2409000,
					"bits_per_second":	192598655.91390884,
					"retransmits":	0,
					"snd_cwnd":	128480,
					"snd_wnd":	64240,
					"rtt":	3602,
					"rttvar":	115,
					"pmtu":	1500,
					"omitted":	false,
					"sender":	true
				}],
			"sum":	{
				"start":	0.800157,
				"end":	0.90022,
				"seconds":	0.10006300359964371,
				"bytes":	2409000,
				"bits_per_second":	192598655.91390884,
				"retransmits":	0,
				"omitted":	false,
				"sender":	true
			}
		}, {
			"streams":	[{
					"socket":	5,
					"start":	0.90022,
					"end":	1.000606,
					"seconds":	0.10038600116968155,
					"bytes":	2858680,
					"bits_per_second":	227815031.314416,
					"retransmits":	0,
					"snd_cwnd":	128480,
					"snd_wnd":	64240,
					"rtt":	2518,
					"rttvar":	189,
					"pmtu":	1500,
					"omitted":	false,
					"sender":	true
				}],
			"sum":	{
				"start":	0.90022,
				"end":	1.000606,
				"seconds":	0.10038600116968155,
				"bytes":	2858680,
				"bits_per_second":	227815031.314416,
				"retransmits":	0,
				"omitted":	false,
				"sender":	true
			}
		}, {
			"streams":	[{
					"socket":	5,
					"start":	1.000606,
					"end":	1.100166,
					"seconds":	0.0995600000023842,
					"bytes":	1991440,
					"bits_per_second":	160019284.84952274,
					"retransmits":	0,
					"snd_cwnd":	128480,
					"snd_wnd":	64240,
					"rtt":	1643,
					"rttvar":	65,
					"pmtu":	1500,
					"omitted":	false,
					"sender":	true
				}],
			"sum":	{
				"start":	1.000606,
				"end":	1.100166,
				"seconds":	0.0995600000023842,
				"bytes":	1991440,
				"bits_per_second":	160019284.84952274,
				"retransmits":	0,
				"omitted":	false,
				"sender":	true
			}
		}, {
			"streams":	[{
					"socket":	5,
					"start":	1.100166,
					"end":	1.200144,
					"seconds":	0.0999779999256134,
					"bytes":	2055680,
					"bits_per_second":	164490588.05173033,
					"retransmits":	0,
					"snd_cwnd":	128480,
					"snd_wnd":	64240,
					"rtt":	2944,
					"rttvar":	144,
					"pmtu":	1500,
					"omitted":	false,
					"sender":	true
				}],
			"sum":	{
				"start":	1.100166,
				"end":	1.200144,
				"seconds":	0.0999779999256134,
				"bytes":	2055680,
				"bits_per_second":	164490588.05173033,
				"retransmits":	0,
				"omitted":	false,